[
    {
        "model": "admin.logentry",
        "pk": 1,
        "fields": {
            "action_time": "2024-07-05T07:23:24.892Z",
            "user": 3,
            "content_type": 10,
            "object_id": "1",
            "object_repr": "ui/ux design",
            "action_flag": 1,
            "change_message": "[{\"added\": {}}]"
        }
    },
    {
        "model": "admin.logentry",
        "pk": 2,
        "fields": {
            "action_time": "2024-07-05T07:28:50.792Z",
            "user": 3,
            "content_type": 4,
            "object_id": "1",
            "object_repr": "ghigggslin@gmail.com",
            "action_flag": 3,
            "change_message": ""
        }
    },
    {
        "model": "admin.logentry",
        "pk": 3,
        "fields": {
            "action_time": "2024-07-05T07:38:16.609Z",
            "user": 3,
            "content_type": 9,
            "object_id": "oQm5aqEeRJn6gZjHrRMPD4",
            "object_repr": "ghislin",
            "action_flag": 1,
            "change_message": "[{\"added\": {}}]"
        }
    },
    {
        "model": "admin.logentry",
        "pk": 4,
        "fields": {
            "action_time": "2024-07-05T07:38:43.429Z",
            "user": 3,
            "content_type": 9,
            "object_id": "Eucwv6WLKF55C3y2SH8CC6",
            "object_repr": "hello",
            "action_flag": 1,
            "change_message": "[{\"added\": {}}]"
        }
    },
    {
        "model": "admin.logentry",
        "pk": 5,
        "fields": {
            "action_time": "2024-07-05T07:41:32.530Z",
            "user": 3,
            "content_type": 7,
            "object_id": "1",
            "object_repr": "IT Department Manager",
            "action_flag": 1,
            "change_message": "[{\"added\": {}}]"
        }
    },
    {
        "model": "admin.logentry",
        "pk": 6,
        "fields": {
            "action_time": "2024-07-05T09:10:34.181Z",
            "user": 3,
            "content_type": 7,
            "object_id": "1",
            "object_repr": "IT Department Manager",
            "action_flag": 2,
            "change_message": "[{\"changed\": {\"fields\": [\"Image\"]}}]"
        }
    },
    {
        "model": "admin.logentry",
        "pk": 7,
        "fields": {
            "action_time": "2024-07-05T09:15:12.436Z",
            "user": 3,
            "content_type": 7,
            "object_id": "1",
            "object_repr": "IT Department Manager",
            "action_flag": 2,
            "change_message": "[{\"changed\": {\"fields\": [\"Icon\"]}}]"
        }
    },
    {
        "model": "admin.logentry",
        "pk": 8,
        "fields": {
            "action_time": "2024-07-05T09:16:54.173Z",
            "user": 3,
            "content_type": 10,
            "object_id": "1",
            "object_repr": "ui/ux design",
            "action_flag": 2,
            "change_message": "[{\"changed\": {\"fields\": [\"Icon\"]}}]"
        }
    },
    {
        "model": "admin.logentry",
        "pk": 9,
        "fields": {
            "action_time": "2024-07-05T14:02:27.365Z",
            "user": 3,
            "content_type": 7,
            "object_id": "1",
            "object_repr": "IT Department Manager",
            "action_flag": 2,
            "change_message": "[{\"changed\": {\"fields\": [\"Tags\", \"Tags\", \"Genre\", \"Facebook link\", \"Instagram link\", \"Twetter link\", \"Youtube link\"]}}]"
        }
    },
    {
        "model": "admin.logentry",
        "pk": 10,
        "fields": {
            "action_time": "2024-07-05T14:36:44.102Z",
            "user": 3,
            "content_type": 7,
            "object_id": "1",
            "object_repr": "IT Department Manager",
            "action_flag": 2,
            "change_message": "[{\"changed\": {\"fields\": [\"Salary\"]}}]"
        }
    },
    {
        "model": "admin.logentry",
        "pk": 11,
        "fields": {
            "action_time": "2024-07-05T14:38:57.580Z",
            "user": 3,
            "content_type": 7,
            "object_id": "1",
            "object_repr": "IT Department Manager",
            "action_flag": 2,
            "change_message": "[{\"changed\": {\"fields\": [\"Salary\"]}}]"
        }
    },
    {
        "model": "admin.logentry",
        "pk": 12,
        "fields": {
            "action_time": "2024-07-05T14:39:30.340Z",
            "user": 3,
            "content_type": 7,
            "object_id": "1",
            "object_repr": "IT Department Manager",
            "action_flag": 2,
            "change_message": "[{\"changed\": {\"fields\": [\"Salary\"]}}]"
        }
    },
    {
        "model": "admin.logentry",
        "pk": 13,
        "fields": {
            "action_time": "2024-07-05T14:51:02.771Z",
            "user": 3,
            "content_type": 7,
            "object_id": "1",
            "object_repr": "IT Department Manager",
            "action_flag": 2,
            "change_message": "[{\"changed\": {\"fields\": [\"Requierements\", \"Responsability\"]}}]"
        }
    },
    {
        "model": "admin.logentry",
        "pk": 14,
        "fields": {
            "action_time": "2024-07-05T15:46:57.544Z",
            "user": 3,
            "content_type": 7,
            "object_id": "1",
            "object_repr": "IT Department Manager",
            "action_flag": 2,
            "change_message": "[{\"changed\": {\"fields\": [\"Facebook link\", \"Instagram link\", \"Twetter link\", \"Youtube link\"]}}]"
        }
    },
    {
        "model": "admin.logentry",
        "pk": 15,
        "fields": {
            "action_time": "2024-07-05T15:50:05.378Z",
            "user": 3,
            "content_type": 7,
            "object_id": "1",
            "object_repr": "IT Department Manager",
            "action_flag": 2,
            "change_message": "[{\"changed\": {\"fields\": [\"Facebook link\"]}}]"
        }
    },
    {
        "model": "admin.logentry",
        "pk": 16,
        "fields": {
            "action_time": "2024-07-05T15:59:09.769Z",
            "user": 3,
            "content_type": 7,
            "object_id": "1",
            "object_repr": "IT Department Manager",
            "action_flag": 2,
            "change_message": "[{\"changed\": {\"fields\": [\"Facebook link\"]}}]"
        }
    },
    {
        "model": "admin.logentry",
        "pk": 17,
        "fields": {
            "action_time": "2024-07-05T16:22:51.278Z",
            "user": 3,
            "content_type": 7,
            "object_id": "1",
            "object_repr": "IT Department Manager",
            "action_flag": 2,
            "change_message": "[{\"changed\": {\"fields\": [\"Facebook link\"]}}]"
        }
    },
    {
        "model": "admin.logentry",
        "pk": 18,
        "fields": {
            "action_time": "2024-07-05T16:25:50.201Z",
            "user": 3,
            "content_type": 7,
            "object_id": "1",
            "object_repr": "IT Department Manager",
            "action_flag": 2,
            "change_message": "[{\"changed\": {\"fields\": [\"Instagram link\", \"Twetter link\", \"Youtube link\"]}}]"
        }
    },
    {
        "model": "admin.logentry",
        "pk": 19,
        "fields": {
            "action_time": "2024-07-05T16:41:01.147Z",
            "user": 3,
            "content_type": 7,
            "object_id": "1",
            "object_repr": "IT Department Manager",
            "action_flag": 2,
            "change_message": "[{\"changed\": {\"fields\": [\"Instagram link\"]}}]"
        }
    },
    {
        "model": "admin.logentry",
        "pk": 20,
        "fields": {
            "action_time": "2024-07-05T16:42:09.953Z",
            "user": 3,
            "content_type": 7,
            "object_id": "1",
            "object_repr": "IT Department Manager",
            "action_flag": 2,
            "change_message": "[{\"changed\": {\"fields\": [\"Twetter link\", \"Youtube link\"]}}]"
        }
    },
    {
        "model": "admin.logentry",
        "pk": 21,
        "fields": {
            "action_time": "2024-07-05T16:42:47.636Z",
            "user": 3,
            "content_type": 7,
            "object_id": "1",
            "object_repr": "IT Department Manager",
            "action_flag": 2,
            "change_message": "[]"
        }
    },
    {
        "model": "admin.logentry",
        "pk": 22,
        "fields": {
            "action_time": "2024-07-05T17:23:35.195Z",
            "user": 3,
            "content_type": 7,
            "object_id": "1",
            "object_repr": "IT Department Manager",
            "action_flag": 2,
            "change_message": "[{\"changed\": {\"fields\": [\"Mail\"]}}]"
        }
    },
    {
        "model": "admin.logentry",
        "pk": 23,
        "fields": {
            "action_time": "2024-07-05T17:32:36.489Z",
            "user": 3,
            "content_type": 7,
            "object_id": "1",
            "object_repr": "IT Department Manager",
            "action_flag": 2,
            "change_message": "[{\"changed\": {\"fields\": [\"Phone\", \"Whatsapp\"]}}]"
        }
    },
    {
        "model": "admin.logentry",
        "pk": 24,
        "fields": {
            "action_time": "2024-07-05T18:18:44.412Z",
            "user": 3,
            "content_type": 7,
            "object_id": "1",
            "object_repr": "IT Department Manager",
            "action_flag": 2,
            "change_message": "[{\"changed\": {\"fields\": [\"Image\"]}}]"
        }
    },
    {
        "model": "admin.logentry",
        "pk": 25,
        "fields": {
            "action_time": "2024-07-05T18:28:14.955Z",
            "user": 3,
            "content_type": 7,
            "object_id": "1",
            "object_repr": "IT Department Manager",
            "action_flag": 2,
            "change_message": "[{\"changed\": {\"fields\": [\"Salary\"]}}]"
        }
    },
    {
        "model": "admin.logentry",
        "pk": 26,
        "fields": {
            "action_time": "2024-07-05T18:47:36.535Z",
            "user": 3,
            "content_type": 7,
            "object_id": "1",
            "object_repr": "IT Department Manager",
            "action_flag": 2,
            "change_message": "[{\"changed\": {\"fields\": [\"Phone\", \"Whatsapp\"]}}]"
        }
    },
    {
        "model": "admin.logentry",
        "pk": 27,
        "fields": {
            "action_time": "2024-07-05T18:48:30.972Z",
            "user": 3,
            "content_type": 7,
            "object_id": "1",
            "object_repr": "IT Department Manager",
            "action_flag": 2,
            "change_message": "[{\"changed\": {\"fields\": [\"Whatsapp\"]}}]"
        }
    },
    {
        "model": "admin.logentry",
        "pk": 28,
        "fields": {
            "action_time": "2024-07-05T18:51:27.298Z",
            "user": 3,
            "content_type": 7,
            "object_id": "1",
            "object_repr": "IT Department Manager",
            "action_flag": 2,
            "change_message": "[{\"changed\": {\"fields\": [\"Image\"]}}]"
        }
    },
    {
        "model": "admin.logentry",
        "pk": 29,
        "fields": {
            "action_time": "2024-07-05T22:28:21.014Z",
            "user": 3,
            "content_type": 7,
            "object_id": "1",
            "object_repr": "IT Department Manager",
            "action_flag": 2,
            "change_message": "[{\"changed\": {\"fields\": [\"Type\"]}}]"
        }
    },
    {
        "model": "admin.logentry",
        "pk": 30,
        "fields": {
            "action_time": "2024-07-06T07:21:47.553Z",
            "user": 3,
            "content_type": 10,
            "object_id": "2",
            "object_repr": "Comptabilité",
            "action_flag": 1,
            "change_message": "[{\"added\": {}}]"
        }
    },
    {
        "model": "admin.logentry",
        "pk": 31,
        "fields": {
            "action_time": "2024-07-06T07:23:25.808Z",
            "user": 3,
            "content_type": 10,
            "object_id": "3",
            "object_repr": "Achitecture",
            "action_flag": 1,
            "change_message": "[{\"added\": {}}]"
        }
    },
    {
        "model": "admin.logentry",
        "pk": 32,
        "fields": {
            "action_time": "2024-07-06T07:23:47.113Z",
            "user": 3,
            "content_type": 10,
            "object_id": "4",
            "object_repr": "Juctice",
            "action_flag": 1,
            "change_message": "[{\"added\": {}}]"
        }
    },
    {
        "model": "admin.logentry",
        "pk": 33,
        "fields": {
            "action_time": "2024-07-06T07:24:14.084Z",
            "user": 3,
            "content_type": 10,
            "object_id": "5",
            "object_repr": "Ensiegnement",
            "action_flag": 1,
            "change_message": "[{\"added\": {}}]"
        }
    },
    {
        "model": "admin.logentry",
        "pk": 34,
        "fields": {
            "action_time": "2024-07-06T07:25:39.664Z",
            "user": 3,
            "content_type": 10,
            "object_id": "6",
            "object_repr": "Secretariat",
            "action_flag": 1,
            "change_message": "[{\"added\": {}}]"
        }
    },
    {
        "model": "admin.logentry",
        "pk": 35,
        "fields": {
            "action_time": "2024-07-06T07:26:47.374Z",
            "user": 3,
            "content_type": 10,
            "object_id": "7",
            "object_repr": "Security",
            "action_flag": 1,
            "change_message": "[{\"added\": {}}]"
        }
    },
    {
        "model": "admin.logentry",
        "pk": 36,
        "fields": {
            "action_time": "2024-07-06T07:27:15.285Z",
            "user": 3,
            "content_type": 10,
            "object_id": "8",
            "object_repr": "Management",
            "action_flag": 1,
            "change_message": "[{\"added\": {}}]"
        }
    },
    {
        "model": "admin.logentry",
        "pk": 37,
        "fields": {
            "action_time": "2024-07-06T07:27:36.773Z",
            "user": 3,
            "content_type": 10,
            "object_id": "9",
            "object_repr": "Cook",
            "action_flag": 1,
            "change_message": "[{\"added\": {}}]"
        }
    },
    {
        "model": "admin.logentry",
        "pk": 38,
        "fields": {
            "action_time": "2024-07-06T07:28:14.201Z",
            "user": 3,
            "content_type": 10,
            "object_id": "10",
            "object_repr": "Communications",
            "action_flag": 1,
            "change_message": "[{\"added\": {}}]"
        }
    },
    {
        "model": "admin.logentry",
        "pk": 39,
        "fields": {
            "action_time": "2024-07-06T07:28:24.248Z",
            "user": 3,
            "content_type": 10,
            "object_id": "11",
            "object_repr": "Informatique",
            "action_flag": 1,
            "change_message": "[{\"added\": {}}]"
        }
    },
    {
        "model": "admin.logentry",
        "pk": 40,
        "fields": {
            "action_time": "2024-07-06T07:29:01.791Z",
            "user": 3,
            "content_type": 10,
            "object_id": "12",
            "object_repr": "Data base",
            "action_flag": 1,
            "change_message": "[{\"added\": {}}]"
        }
    },
    {
        "model": "admin.logentry",
        "pk": 41,
        "fields": {
            "action_time": "2024-07-06T07:29:17.563Z",
            "user": 3,
            "content_type": 10,
            "object_id": "13",
            "object_repr": "Data work",
            "action_flag": 1,
            "change_message": "[{\"added\": {}}]"
        }
    },
    {
        "model": "admin.logentry",
        "pk": 42,
        "fields": {
            "action_time": "2024-07-06T07:41:41.616Z",
            "user": 3,
            "content_type": 7,
            "object_id": "1",
            "object_repr": "IT Department Manager",
            "action_flag": 2,
            "change_message": "[{\"changed\": {\"fields\": [\"Salary\"]}}]"
        }
    },
    {
        "model": "admin.logentry",
        "pk": 43,
        "fields": {
            "action_time": "2024-07-06T07:43:09.363Z",
            "user": 3,
            "content_type": 7,
            "object_id": "1",
            "object_repr": "IT Department Manager",
            "action_flag": 2,
            "change_message": "[{\"changed\": {\"fields\": [\"Category\", \"Salary\"]}}]"
        }
    },
    {
        "model": "admin.logentry",
        "pk": 44,
        "fields": {
            "action_time": "2024-07-06T07:44:54.095Z",
            "user": 3,
            "content_type": 7,
            "object_id": "1",
            "object_repr": "IT Department Manager",
            "action_flag": 2,
            "change_message": "[{\"changed\": {\"fields\": [\"Salary\"]}}]"
        }
    },
    {
        "model": "admin.logentry",
        "pk": 45,
        "fields": {
            "action_time": "2024-07-06T16:20:58.904Z",
            "user": 3,
            "content_type": 7,
            "object_id": "2",
            "object_repr": "Développeur Front-End Angular",
            "action_flag": 1,
            "change_message": "[{\"added\": {}}]"
        }
    },
    {
        "model": "admin.logentry",
        "pk": 46,
        "fields": {
            "action_time": "2024-07-07T09:30:56.938Z",
            "user": 3,
            "content_type": 7,
            "object_id": "2",
            "object_repr": "Développeur Front-End Angular",
            "action_flag": 2,
            "change_message": "[{\"changed\": {\"fields\": [\"Author\"]}}]"
        }
    },
    {
        "model": "admin.logentry",
        "pk": 47,
        "fields": {
            "action_time": "2024-07-07T09:31:04.269Z",
            "user": 3,
            "content_type": 7,
            "object_id": "1",
            "object_repr": "IT Department Manager",
            "action_flag": 2,
            "change_message": "[{\"changed\": {\"fields\": [\"Author\"]}}]"
        }
    },
    {
        "model": "admin.logentry",
        "pk": 48,
        "fields": {
            "action_time": "2024-07-07T18:22:40.585Z",
            "user": 3,
            "content_type": 4,
            "object_id": "4",
            "object_repr": "admin",
            "action_flag": 1,
            "change_message": "[{\"added\": {}}]"
        }
    },
    {
        "model": "admin.logentry",
        "pk": 49,
        "fields": {
            "action_time": "2024-07-07T18:23:14.959Z",
            "user": 3,
            "content_type": 4,
            "object_id": "4",
            "object_repr": "admin",
            "action_flag": 2,
            "change_message": "[{\"changed\": {\"fields\": [\"Email address\"]}}]"
        }
    },
    {
        "model": "admin.logentry",
        "pk": 50,
        "fields": {
            "action_time": "2024-07-07T18:23:36.894Z",
            "user": 3,
            "content_type": 4,
            "object_id": "4",
            "object_repr": "admin",
            "action_flag": 2,
            "change_message": "[{\"changed\": {\"fields\": [\"Staff status\", \"Superuser status\"]}}]"
        }
    },
    {
        "model": "admin.logentry",
        "pk": 51,
        "fields": {
            "action_time": "2024-07-07T18:26:18.515Z",
            "user": 4,
            "content_type": 9,
            "object_id": "vFpKoTno7jDMLqc3oWg4WG",
            "object_repr": "admin",
            "action_flag": 1,
            "change_message": "[{\"added\": {}}]"
        }
    },
    {
        "model": "admin.logentry",
        "pk": 52,
        "fields": {
            "action_time": "2024-07-08T15:50:29.316Z",
            "user": 4,
            "content_type": 9,
            "object_id": "Doy2n3LEncxJn5UeqiE4qv",
            "object_repr": "ghislin@gmail.com",
            "action_flag": 1,
            "change_message": "[{\"added\": {}}]"
        }
    },
    {
        "model": "auth.permission",
        "pk": 1,
        "fields": {
            "name": "Can add log entry",
            "content_type": 1,
            "codename": "add_logentry"
        }
    },
    {
        "model": "auth.permission",
        "pk": 2,
        "fields": {
            "name": "Can change log entry",
            "content_type": 1,
            "codename": "change_logentry"
        }
    },
    {
        "model": "auth.permission",
        "pk": 3,
        "fields": {
            "name": "Can delete log entry",
            "content_type": 1,
            "codename": "delete_logentry"
        }
    },
    {
        "model": "auth.permission",
        "pk": 4,
        "fields": {
            "name": "Can view log entry",
            "content_type": 1,
            "codename": "view_logentry"
        }
    },
    {
        "model": "auth.permission",
        "pk": 5,
        "fields": {
            "name": "Can add permission",
            "content_type": 2,
            "codename": "add_permission"
        }
    },
    {
        "model": "auth.permission",
        "pk": 6,
        "fields": {
            "name": "Can change permission",
            "content_type": 2,
            "codename": "change_permission"
        }
    },
    {
        "model": "auth.permission",
        "pk": 7,
        "fields": {
            "name": "Can delete permission",
            "content_type": 2,
            "codename": "delete_permission"
        }
    },
    {
        "model": "auth.permission",
        "pk": 8,
        "fields": {
            "name": "Can view permission",
            "content_type": 2,
            "codename": "view_permission"
        }
    },
    {
        "model": "auth.permission",
        "pk": 9,
        "fields": {
            "name": "Can add group",
            "content_type": 3,
            "codename": "add_group"
        }
    },
    {
        "model": "auth.permission",
        "pk": 10,
        "fields": {
            "name": "Can change group",
            "content_type": 3,
            "codename": "change_group"
        }
    },
    {
        "model": "auth.permission",
        "pk": 11,
        "fields": {
            "name": "Can delete group",
            "content_type": 3,
            "codename": "delete_group"
        }
    },
    {
        "model": "auth.permission",
        "pk": 12,
        "fields": {
            "name": "Can view group",
            "content_type": 3,
            "codename": "view_group"
        }
    },
    {
        "model": "auth.permission",
        "pk": 13,
        "fields": {
            "name": "Can add user",
            "content_type": 4,
            "codename": "add_user"
        }
    },
    {
        "model": "auth.permission",
        "pk": 14,
        "fields": {
            "name": "Can change user",
            "content_type": 4,
            "codename": "change_user"
        }
    },
    {
        "model": "auth.permission",
        "pk": 15,
        "fields": {
            "name": "Can delete user",
            "content_type": 4,
            "codename": "delete_user"
        }
    },
    {
        "model": "auth.permission",
        "pk": 16,
        "fields": {
            "name": "Can view user",
            "content_type": 4,
            "codename": "view_user"
        }
    },
    {
        "model": "auth.permission",
        "pk": 17,
        "fields": {
            "name": "Can add content type",
            "content_type": 5,
            "codename": "add_contenttype"
        }
    },
    {
        "model": "auth.permission",
        "pk": 18,
        "fields": {
            "name": "Can change content type",
            "content_type": 5,
            "codename": "change_contenttype"
        }
    },
    {
        "model": "auth.permission",
        "pk": 19,
        "fields": {
            "name": "Can delete content type",
            "content_type": 5,
            "codename": "delete_contenttype"
        }
    },
    {
        "model": "auth.permission",
        "pk": 20,
        "fields": {
            "name": "Can view content type",
            "content_type": 5,
            "codename": "view_contenttype"
        }
    },
    {
        "model": "auth.permission",
        "pk": 21,
        "fields": {
            "name": "Can add session",
            "content_type": 6,
            "codename": "add_session"
        }
    },
    {
        "model": "auth.permission",
        "pk": 22,
        "fields": {
            "name": "Can change session",
            "content_type": 6,
            "codename": "change_session"
        }
    },
    {
        "model": "auth.permission",
        "pk": 23,
        "fields": {
            "name": "Can delete session",
            "content_type": 6,
            "codename": "delete_session"
        }
    },
    {
        "model": "auth.permission",
        "pk": 24,
        "fields": {
            "name": "Can view session",
            "content_type": 6,
            "codename": "view_session"
        }
    },
    {
        "model": "auth.permission",
        "pk": 25,
        "fields": {
            "name": "Can add job",
            "content_type": 7,
            "codename": "add_job"
        }
    },
    {
        "model": "auth.permission",
        "pk": 26,
        "fields": {
            "name": "Can change job",
            "content_type": 7,
            "codename": "change_job"
        }
    },
    {
        "model": "auth.permission",
        "pk": 27,
        "fields": {
            "name": "Can delete job",
            "content_type": 7,
            "codename": "delete_job"
        }
    },
    {
        "model": "auth.permission",
        "pk": 28,
        "fields": {
            "name": "Can view job",
            "content_type": 7,
            "codename": "view_job"
        }
    },
    {
        "model": "auth.permission",
        "pk": 29,
        "fields": {
            "name": "Can add user",
            "content_type": 8,
            "codename": "add_user"
        }
    },
    {
        "model": "auth.permission",
        "pk": 30,
        "fields": {
            "name": "Can change user",
            "content_type": 8,
            "codename": "change_user"
        }
    },
    {
        "model": "auth.permission",
        "pk": 31,
        "fields": {
            "name": "Can delete user",
            "content_type": 8,
            "codename": "delete_user"
        }
    },
    {
        "model": "auth.permission",
        "pk": 32,
        "fields": {
            "name": "Can view user",
            "content_type": 8,
            "codename": "view_user"
        }
    },
    {
        "model": "auth.permission",
        "pk": 33,
        "fields": {
            "name": "Can add profile employeur",
            "content_type": 9,
            "codename": "add_profileemployeur"
        }
    },
    {
        "model": "auth.permission",
        "pk": 34,
        "fields": {
            "name": "Can change profile employeur",
            "content_type": 9,
            "codename": "change_profileemployeur"
        }
    },
    {
        "model": "auth.permission",
        "pk": 35,
        "fields": {
            "name": "Can delete profile employeur",
            "content_type": 9,
            "codename": "delete_profileemployeur"
        }
    },
    {
        "model": "auth.permission",
        "pk": 36,
        "fields": {
            "name": "Can view profile employeur",
            "content_type": 9,
            "codename": "view_profileemployeur"
        }
    },
    {
        "model": "auth.permission",
        "pk": 37,
        "fields": {
            "name": "Can add category",
            "content_type": 10,
            "codename": "add_category"
        }
    },
    {
        "model": "auth.permission",
        "pk": 38,
        "fields": {
            "name": "Can change category",
            "content_type": 10,
            "codename": "change_category"
        }
    },
    {
        "model": "auth.permission",
        "pk": 39,
        "fields": {
            "name": "Can delete category",
            "content_type": 10,
            "codename": "delete_category"
        }
    },
    {
        "model": "auth.permission",
        "pk": 40,
        "fields": {
            "name": "Can view category",
            "content_type": 10,
            "codename": "view_category"
        }
    },
    {
        "model": "auth.permission",
        "pk": 41,
        "fields": {
            "name": "Can add experience",
            "content_type": 11,
            "codename": "add_experience"
        }
    },
    {
        "model": "auth.permission",
        "pk": 42,
        "fields": {
            "name": "Can change experience",
            "content_type": 11,
            "codename": "change_experience"
        }
    },
    {
        "model": "auth.permission",
        "pk": 43,
        "fields": {
            "name": "Can delete experience",
            "content_type": 11,
            "codename": "delete_experience"
        }
    },
    {
        "model": "auth.permission",
        "pk": 44,
        "fields": {
            "name": "Can view experience",
            "content_type": 11,
            "codename": "view_experience"
        }
    },
    {
        "model": "auth.permission",
        "pk": 45,
        "fields": {
            "name": "Can add tag",
            "content_type": 12,
            "codename": "add_tag"
        }
    },
    {
        "model": "auth.permission",
        "pk": 46,
        "fields": {
            "name": "Can change tag",
            "content_type": 12,
            "codename": "change_tag"
        }
    },
    {
        "model": "auth.permission",
        "pk": 47,
        "fields": {
            "name": "Can delete tag",
            "content_type": 12,
            "codename": "delete_tag"
        }
    },
    {
        "model": "auth.permission",
        "pk": 48,
        "fields": {
            "name": "Can view tag",
            "content_type": 12,
            "codename": "view_tag"
        }
    },
    {
        "model": "auth.permission",
        "pk": 49,
        "fields": {
            "name": "Can add tagged item",
            "content_type": 13,
            "codename": "add_taggeditem"
        }
    },
    {
        "model": "auth.permission",
        "pk": 50,
        "fields": {
            "name": "Can change tagged item",
            "content_type": 13,
            "codename": "change_taggeditem"
        }
    },
    {
        "model": "auth.permission",
        "pk": 51,
        "fields": {
            "name": "Can delete tagged item",
            "content_type": 13,
            "codename": "delete_taggeditem"
        }
    },
    {
        "model": "auth.permission",
        "pk": 52,
        "fields": {
            "name": "Can view tagged item",
            "content_type": 13,
            "codename": "view_taggeditem"
        }
    },
    {
        "model": "auth.permission",
        "pk": 53,
        "fields": {
            "name": "Can add conpetence tagged item",
            "content_type": 14,
            "codename": "add_conpetencetaggeditem"
        }
    },
    {
        "model": "auth.permission",
        "pk": 54,
        "fields": {
            "name": "Can change conpetence tagged item",
            "content_type": 14,
            "codename": "change_conpetencetaggeditem"
        }
    },
    {
        "model": "auth.permission",
        "pk": 55,
        "fields": {
            "name": "Can delete conpetence tagged item",
            "content_type": 14,
            "codename": "delete_conpetencetaggeditem"
        }
    },
    {
        "model": "auth.permission",
        "pk": 56,
        "fields": {
            "name": "Can view conpetence tagged item",
            "content_type": 14,
            "codename": "view_conpetencetaggeditem"
        }
    },
    {
        "model": "auth.permission",
        "pk": 57,
        "fields": {
            "name": "Can add tag tagged item",
            "content_type": 15,
            "codename": "add_tagtaggeditem"
        }
    },
    {
        "model": "auth.permission",
        "pk": 58,
        "fields": {
            "name": "Can change tag tagged item",
            "content_type": 15,
            "codename": "change_tagtaggeditem"
        }
    },
    {
        "model": "auth.permission",
        "pk": 59,
        "fields": {
            "name": "Can delete tag tagged item",
            "content_type": 15,
            "codename": "delete_tagtaggeditem"
        }
    },
    {
        "model": "auth.permission",
        "pk": 60,
        "fields": {
            "name": "Can view tag tagged item",
            "content_type": 15,
            "codename": "view_tagtaggeditem"
        }
    },
    {
        "model": "auth.user",
        "pk": 2,
        "fields": {
            "password": "pbkdf2_sha256$720000$BQOiUXPyVPvzAgitItNzB0$VkCV/XUm+pfW997I61sJ6YBXdFykmI4u/b+0QRsulik=",
            "last_login": null,
            "is_superuser": true,
            "username": "ghislin",
            "first_name": "",
            "last_name": "",
            "email": "admin@gmail.com",
            "is_staff": true,
            "is_active": true,
            "date_joined": "2024-07-04T18:20:12.840Z",
            "groups": [],
            "user_permissions": []
        }
    },
    {
        "model": "auth.user",
        "pk": 3,
        "fields": {
            "password": "pbkdf2_sha256$720000$XdqjzbyrtwrB1gF9OJWTRq$ZLriSxZ1OYUoeTZQBt6s5e0reMAwV/yLBVYgdS5q55E=",
            "last_login": "2024-07-05T06:58:06.759Z",
            "is_superuser": true,
            "username": "hello",
            "first_name": "",
            "last_name": "",
            "email": "hello@gmail.com",
            "is_staff": true,
            "is_active": true,
            "date_joined": "2024-07-05T06:56:37.246Z",
            "groups": [],
            "user_permissions": []
        }
    },
    {
        "model": "auth.user",
        "pk": 4,
        "fields": {
            "password": "pbkdf2_sha256$720000$TwQgWlr3MJZVPVXTP9D1I8$Ifm1uWBORI33QXInJNVtQAh36/3Qa4ee5IGS5a8BxT8=",
            "last_login": "2024-07-08T15:50:00.086Z",
            "is_superuser": true,
            "username": "admin",
            "first_name": "",
            "last_name": "",
            "email": "admin@gmail.com",
            "is_staff": true,
            "is_active": true,
            "date_joined": "2024-07-07T18:22:39Z",
            "groups": [],
            "user_permissions": []
        }
    },
    {
        "model": "auth.user",
        "pk": 5,
        "fields": {
            "password": "pbkdf2_sha256$720000$VHjWnmlQtq3L2Kn2BX92xc$i26CEoVGc+aceIBJPoSqiiPv4IHPy/QkgNAnSOsfcD8=",
            "last_login": "2024-07-08T15:47:51.165Z",
            "is_superuser": false,
            "username": "ghislin@gmail.com",
            "first_name": "",
            "last_name": "",
            "email": "ghislin@gmail.com",
            "is_staff": false,
            "is_active": true,
            "date_joined": "2024-07-08T15:47:50.555Z",
            "groups": [],
            "user_permissions": []
        }
    },
    {
        "model": "contenttypes.contenttype",
        "pk": 1,
        "fields": {
            "app_label": "admin",
            "model": "logentry"
        }
    },
    {
        "model": "contenttypes.contenttype",
        "pk": 2,
        "fields": {
            "app_label": "auth",
            "model": "permission"
        }
    },
    {
        "model": "contenttypes.contenttype",
        "pk": 3,
        "fields": {
            "app_label": "auth",
            "model": "group"
        }
    },
    {
        "model": "contenttypes.contenttype",
        "pk": 4,
        "fields": {
            "app_label": "auth",
            "model": "user"
        }
    },
    {
        "model": "contenttypes.contenttype",
        "pk": 5,
        "fields": {
            "app_label": "contenttypes",
            "model": "contenttype"
        }
    },
    {
        "model": "contenttypes.contenttype",
        "pk": 6,
        "fields": {
            "app_label": "sessions",
            "model": "session"
        }
    },
    {
        "model": "contenttypes.contenttype",
        "pk": 7,
        "fields": {
            "app_label": "post",
            "model": "job"
        }
    },
    {
        "model": "contenttypes.contenttype",
        "pk": 8,
        "fields": {
            "app_label": "user",
            "model": "user"
        }
    },
    {
        "model": "contenttypes.contenttype",
        "pk": 9,
        "fields": {
            "app_label": "user",
            "model": "profileemployeur"
        }
    },
    {
        "model": "contenttypes.contenttype",
        "pk": 10,
        "fields": {
            "app_label": "post",
            "model": "category"
        }
    },
    {
        "model": "contenttypes.contenttype",
        "pk": 11,
        "fields": {
            "app_label": "post",
            "model": "experience"
        }
    },
    {
        "model": "contenttypes.contenttype",
        "pk": 12,
        "fields": {
            "app_label": "taggit",
            "model": "tag"
        }
    },
    {
        "model": "contenttypes.contenttype",
        "pk": 13,
        "fields": {
            "app_label": "taggit",
            "model": "taggeditem"
        }
    },
    {
        "model": "contenttypes.contenttype",
        "pk": 14,
        "fields": {
            "app_label": "post",
            "model": "conpetencetaggeditem"
        }
    },
    {
        "model": "contenttypes.contenttype",
        "pk": 15,
        "fields": {
            "app_label": "post",
            "model": "tagtaggeditem"
        }
    },
    {
        "model": "sessions.session",
        "pk": "59n6rgx2h9iyf7djc3ntmqejvp94hbtj",
        "fields": {
            "session_data": ".eJxVjEEOwiAQRe_C2hAIlBlduvcMZIYBqRqalHbVeHdt0oVu_3vvbyrSutS49jzHUdRFeXX63ZjSM7cdyIPafdJpass8st4VfdCub5Pk1_Vw_w4q9fqtEQCdBwYim0JADoZNsOyNC26AxE5QDCRAg-AlkbcyFMTz4JyUIur9Ab79N1Y:1sQqcq:ShWfbdN7swEXfJsqfWEKjfw7xnGfYzEG9Q-i-PovVDU",
            "expire_date": "2024-07-22T15:50:00.090Z"
        }
    },
    {
        "model": "sessions.session",
        "pk": "psu6vucg8mc9hur103o7856iezsev7x6",
        "fields": {
            "session_data": ".eJxVjMsOwiAQAP-FsyFUWB4evfsNzS4LUjWQlPZk_HdD0oNeZybzFjPuW5n3ntZ5YXERIE6_jDA-Ux2CH1jvTcZWt3UhORJ52C5vjdPrerR_g4K9jG0OXrGxZ5-nyGBR-SkHC8rqoAGBkuacnLUGkLIyAZyP2jlDxKwRxOcLznE3jg:1sQqal:bSZxuxZA60Gm6aPQN_TJ3tzWAETuzFjOk3M7AQxtfp0",
            "expire_date": "2024-07-22T15:47:51.170Z"
        }
    },
    {
        "model": "sessions.session",
        "pk": "sygijman393qajmowcj6s61vxcifonva",
        "fields": {
            "session_data": "e30:1sPQCl:sxzqPgLE4aNFoYCaYKbxQ3D1WvcZtp8GG_hyI0gG4qU",
            "expire_date": "2024-07-18T17:25:11.547Z"
        }
    },
    {
        "model": "sessions.session",
        "pk": "wdb9dy1gsgbtm5aibrrj2kgxlqnvvlgp",
        "fields": {
            "session_data": "e30:1sPQDo:BcYLVyA4uHjvGe9pyaUHKzAoWpqc3TvISyNAwlS-vEA",
            "expire_date": "2024-07-18T17:26:16.689Z"
        }
    },
    {
        "model": "sessions.session",
        "pk": "yjpadvmhs5uftelojcdq7cmcn3w0ymcz",
        "fields": {
            "session_data": ".eJxVjEEOwiAQRe_C2hAIlBlduvcMZIYBqRqalHbVeHdt0oVu_3vvbyrSutS49jzHUdRFeXX63ZjSM7cdyIPafdJpass8st4VfdCub5Pk1_Vw_w4q9fqtEQCdBwYim0JADoZNsOyNC26AxE5QDCRAg-AlkbcyFMTz4JyUIur9Ab79N1Y:1sQWZV:he4R_x7mgdBuczkyQUl2OV0EmUZD-eUHI-x1KTZwRT8",
            "expire_date": "2024-07-21T18:25:13.488Z"
        }
    },
    {
        "model": "post.category",
        "pk": 1,
        "fields": {
            "cid": "cat-980704",
            "title": "ui/ux design",
            "image": "airgeddon_docker.png",
            "add_date": "2024-07-05T07:23:24.889Z"
        }
    },
    {
        "model": "post.category",
        "pk": 2,
        "fields": {
            "cid": "cat-194863",
            "title": "Comptabilité",
            "image": "default.jpg",
            "add_date": "2024-07-06T07:21:47.547Z"
        }
    },
    {
        "model": "post.category",
        "pk": 3,
        "fields": {
            "cid": "cat-994988",
            "title": "Achitecture",
            "image": "default.jpg",
            "add_date": "2024-07-06T07:23:25.806Z"
        }
    },
    {
        "model": "post.category",
        "pk": 4,
        "fields": {
            "cid": "cat-167637",
            "title": "Juctice",
            "image": "default.jpg",
            "add_date": "2024-07-06T07:23:47.111Z"
        }
    },
    {
        "model": "post.category",
        "pk": 5,
        "fields": {
            "cid": "cat-749084",
            "title": "Ensiegnement",
            "image": "default.jpg",
            "add_date": "2024-07-06T07:24:14.082Z"
        }
    },
    {
        "model": "post.category",
        "pk": 6,
        "fields": {
            "cid": "cat-878181",
            "title": "Secretariat",
            "image": "default.jpg",
            "add_date": "2024-07-06T07:25:39.662Z"
        }
    },
    {
        "model": "post.category",
        "pk": 7,
        "fields": {
            "cid": "cat-777660",
            "title": "Security",
            "image": "default.jpg",
            "add_date": "2024-07-06T07:26:47.372Z"
        }
    },
    {
        "model": "post.category",
        "pk": 8,
        "fields": {
            "cid": "cat-058814",
            "title": "Management",
            "image": "default.jpg",
            "add_date": "2024-07-06T07:27:15.284Z"
        }
    },
    {
        "model": "post.category",
        "pk": 9,
        "fields": {
            "cid": "cat-558307",
            "title": "Cook",
            "image": "default.jpg",
            "add_date": "2024-07-06T07:27:36.771Z"
        }
    },
    {
        "model": "post.category",
        "pk": 10,
        "fields": {
            "cid": "cat-252027",
            "title": "Communications",
            "image": "default.jpg",
            "add_date": "2024-07-06T07:28:14.199Z"
        }
    },
    {
        "model": "post.category",
        "pk": 11,
        "fields": {
            "cid": "cat-551529",
            "title": "Informatique",
            "image": "default.jpg",
            "add_date": "2024-07-06T07:28:24.246Z"
        }
    },
    {
        "model": "post.category",
        "pk": 12,
        "fields": {
            "cid": "cat-099143",
            "title": "Data base",
            "image": "default.jpg",
            "add_date": "2024-07-06T07:29:01.789Z"
        }
    },
    {
        "model": "post.category",
        "pk": 13,
        "fields": {
            "cid": "cat-661200",
            "title": "Data work",
            "image": "default.jpg",
            "add_date": "2024-07-06T07:29:17.561Z"
        }
    },
    {
        "model": "post.tagtaggeditem",
        "pk": 1,
        "fields": {
            "tag": 4,
            "content_object": 1
        }
    },
    {
        "model": "post.tagtaggeditem",
        "pk": 2,
        "fields": {
            "tag": 5,
            "content_object": 1
        }
    },
    {
        "model": "post.tagtaggeditem",
        "pk": 3,
        "fields": {
            "tag": 6,
            "content_object": 1
        }
    },
    {
        "model": "post.tagtaggeditem",
        "pk": 4,
        "fields": {
            "tag": 12,
            "content_object": 2
        }
    },
    {
        "model": "post.conpetencetaggeditem",
        "pk": 1,
        "fields": {
            "tag": 1,
            "content_object": 1
        }
    },
    {
        "model": "post.conpetencetaggeditem",
        "pk": 2,
        "fields": {
            "tag": 2,
            "content_object": 1
        }
    },
    {
        "model": "post.conpetencetaggeditem",
        "pk": 3,
        "fields": {
            "tag": 3,
            "content_object": 1
        }
    },
    {
        "model": "post.conpetencetaggeditem",
        "pk": 4,
        "fields": {
            "tag": 7,
            "content_object": 2
        }
    },
    {
        "model": "post.conpetencetaggeditem",
        "pk": 5,
        "fields": {
            "tag": 8,
            "content_object": 2
        }
    },
    {
        "model": "post.conpetencetaggeditem",
        "pk": 6,
        "fields": {
            "tag": 9,
            "content_object": 2
        }
    },
    {
        "model": "post.conpetencetaggeditem",
        "pk": 7,
        "fields": {
            "tag": 10,
            "content_object": 2
        }
    },
    {
        "model": "post.conpetencetaggeditem",
        "pk": 8,
        "fields": {
            "tag": 11,
            "content_object": 2
        }
    },
    {
        "model": "post.job",
        "pk": 1,
        "fields": {
            "jid": "job-564351",
            "title": "IT Department Manager",
            "image": "jobs.png",
            "category": 12,
            "author": "Eucwv6WLKF55C3y2SH8CC6",
            "description": "Lorem ipsum dolor sit amet consectetur adipisicing elit. Debitis, doloribus unde. Culpa excepturi, qui aspernatur placeat amet animi soluta accusantium voluptate deleniti natus fugiat porro at nobis reiciendis, illo magni?",
            "requierements": "Lorem ipsum dolor sit amet consectetur adipisicing elit. Debitis, doloribus unde. Culpa excepturi, qui aspernatur placeat amet animi soluta accusantium voluptate deleniti natus fugiat porro at nobis reiciendis, illo magni?",
            "responsability": "Lorem ipsum dolor sit amet consectetur adipisicing elit. Debitis, doloribus unde. Culpa excepturi, qui aspernatur placeat amet animi soluta accusantium voluptate deleniti natus fugiat porro at nobis reiciendis, illo magni?",
            "experience": "5 ans",
            "salary": "A en discuter",
            "type": "Full time",
            "qualification": "aucun diplome requis",
            "locality": "lomé togo",
            "genre": "H/F",
            "expire_date": "2024-07-12T00:00:00Z",
            "publication_date": "2024-07-05T07:41:32.527Z",
            "facebook_link": "https://www.facebook.com/profile",
            "instagram_link": "https://www.instagram.com/accounts/",
            "twetter_link": "https://x.com/",
            "youtube_link": "https://www.youtube.com/",
            "mail": "ametonoughislin@gmail.com",
            "phone": "228 99 74 83 55",
            "whatsapp": "22899748355"
        }
    },
    {
        "model": "post.job",
        "pk": 2,
        "fields": {
            "jid": "job-954618",
            "title": "Développeur Front-End Angular",
            "image": "WhatsApp_Image_2024-07-05_at_18.27.51.jpeg",
            "category": 11,
            "author": "Eucwv6WLKF55C3y2SH8CC6",
            "description": "Nous sommes à la recherche d'un développeur Front-End talentueux et passionné pour rejoindre notre équipe dynamique de développeurs. Si vous avez une solide expérience en Angular et un œil pour les détails, nous voulons vous rencontrer !",
            "requierements": "Angular",
            "responsability": "Développer des applications web interactives et réactives en utilisant Angular.\r\nCollaborer avec l'équipe back-end pour intégrer les services RESTful.\r\nAssurer la performance, la qualité et la réactivité des applications.\r\nParticiper aux revues de code et apporter des améliorations continues au code existant.\r\nRester à jour avec les nouvelles technologies et tendances du développement front-end.",
            "experience": "Non precisé",
            "salary": "A en discuter",
            "type": "Full time",
            "qualification": "aucun diplome requis",
            "locality": "Cocody, Angré - Abidjan, Côte d'Ivoire",
            "genre": "H/F",
            "expire_date": "2024-08-15T00:00:00Z",
            "publication_date": "2024-07-06T16:20:58.854Z",
            "facebook_link": null,
            "instagram_link": null,
            "twetter_link": null,
            "youtube_link": null,
            "mail": null,
            "phone": null,
            "whatsapp": null
        }
    },
    {
        "model": "user.profileemployeur",
        "pk": "Doy2n3LEncxJn5UeqiE4qv",
        "fields": {
            "user": 5,
            "active": true
        }
    },
    {
        "model": "user.profileemployeur",
        "pk": "Eucwv6WLKF55C3y2SH8CC6",
        "fields": {
            "user": 3,
            "active": true
        }
    },
    {
        "model": "user.profileemployeur",
        "pk": "oQm5aqEeRJn6gZjHrRMPD4",
        "fields": {
            "user": 2,
            "active": true
        }
    },
    {
        "model": "user.profileemployeur",
        "pk": "vFpKoTno7jDMLqc3oWg4WG",
        "fields": {
            "user": 4,
            "active": true
        }
    },
    {
        "model": "taggit.tag",
        "pk": 1,
        "fields": {
            "name": "etc",
            "slug": "etc"
        }
    },
    {
        "model": "taggit.tag",
        "pk": 2,
        "fields": {
            "name": "photoshop",
            "slug": "photoshop"
        }
    },
    {
        "model": "taggit.tag",
        "pk": 3,
        "fields": {
            "name": "adobe xd",
            "slug": "adobe-xd"
        }
    },
    {
        "model": "taggit.tag",
        "pk": 4,
        "fields": {
            "name": "web3",
            "slug": "web3"
        }
    },
    {
        "model": "taggit.tag",
        "pk": 5,
        "fields": {
            "name": "front end",
            "slug": "front-end"
        }
    },
    {
        "model": "taggit.tag",
        "pk": 6,
        "fields": {
            "name": "design",
            "slug": "design"
        }
    },
    {
        "model": "taggit.tag",
        "pk": 7,
        "fields": {
            "name": "rest api",
            "slug": "rest-api"
        }
    },
    {
        "model": "taggit.tag",
        "pk": 8,
        "fields": {
            "name": "angular",
            "slug": "angular"
        }
    },
    {
        "model": "taggit.tag",
        "pk": 9,
        "fields": {
            "name": "fronend",
            "slug": "fronend"
        }
    },
    {
        "model": "taggit.tag",
        "pk": 10,
        "fields": {
            "name": "javascript",
            "slug": "javascript"
        }
    },
    {
        "model": "taggit.tag",
        "pk": 11,
        "fields": {
            "name": "fullstack",
            "slug": "fullstack"
        }
    },
    {
        "model": "taggit.tag",
        "pk": 12,
        "fields": {
            "name": "inforamtique",
            "slug": "inforamtique"
        }
    }
]